{
    "name": "Notification",
    "fields": [
        {
            "fieldName": "date",
            "fieldType": "Instant",
            "fieldValidateRules": [
                "required"
            ]
        },
        {
            "fieldName": "details",
            "fieldType": "String"
        },
        {
            "fieldName": "sentDate",
            "fieldType": "Instant",
            "fieldValidateRules": [
                "required"
            ]
        },
        {
            "fieldName": "format",
            "fieldType": "NotificationType",
            "fieldValues": "EMAIL,SMS,PARCEL",
            "fieldValidateRules": [
                "required"
            ]
        },
        {
            "fieldName": "userId",
            "fieldType": "Long",
            "fieldValidateRules": [
                "required"
            ]
        },
        {
            "fieldName": "productId",
            "fieldType": "Long",
            "fieldValidateRules": [
                "required"
            ]
        }
    ],
    "relationships": [],
    "changelogDate": "20191208123907",
    "entityTableName": "notification",
    "dto": "no",
    "pagination": "no",
    "service": "serviceClass",
    "jpaMetamodelFiltering": false,
    "fluentMethods": true,
    "readOnly": false,
    "clientRootFolder": "",
    "applications": [
        "store",
        "notification"
    ],
    "microserviceName": "notification"
}