{
    "name": "Customer",
    "fields": [
        {
            "fieldName": "firstName",
            "fieldType": "String",
            "fieldValidateRules": [
                "required"
            ]
        },
        {
            "fieldName": "lastName",
            "fieldType": "String",
            "fieldValidateRules": [
                "required"
            ]
        },
        {
            "fieldName": "gender",
            "fieldType": "Gender",
            "fieldValues": "MALE,FEMALE,OTHER",
            "fieldValidateRules": [
                "required"
            ]
        },
        {
            "fieldName": "email",
            "fieldType": "String",
            "fieldValidateRules": [
                "required",
                "pattern"
            ],
            "fieldValidateRulesPattern": "^[^@\\s]+@[^@\\s]+\\.[^@\\s]+$"
        },
        {
            "fieldName": "phone",
            "fieldType": "String",
            "fieldValidateRules": [
                "required"
            ]
        },
        {
            "fieldName": "addressLine1",
            "fieldType": "String",
            "fieldValidateRules": [
                "required"
            ]
        },
        {
            "fieldName": "addressLine2",
            "fieldType": "String"
        },
        {
            "fieldName": "city",
            "fieldType": "String",
            "fieldValidateRules": [
                "required"
            ]
        },
        {
            "fieldName": "country",
            "fieldType": "String",
            "fieldValidateRules": [
                "required"
            ]
        }
    ],
    "relationships": [
        {
            "relationshipType": "one-to-one",
            "otherEntityName": "user",
            "otherEntityRelationshipName": "customer",
            "relationshipValidateRules": "required",
            "relationshipName": "user",
            "otherEntityField": "login",
            "ownerSide": true
        },
        {
            "relationshipType": "one-to-many",
            "otherEntityName": "productOrder",
            "otherEntityRelationshipName": "customer",
            "relationshipName": "order"
        }
    ],
    "changelogDate": "20191208123902",
    "entityTableName": "customer",
    "dto": "no",
    "pagination": "pagination",
    "service": "serviceClass",
    "jpaMetamodelFiltering": false,
    "fluentMethods": true,
    "readOnly": false,
    "clientRootFolder": "",
    "applications": [
        "store"
    ]
}