{
    "name": "ProductOrder",
    "fields": [
        {
            "fieldName": "placedDate",
            "fieldType": "Instant",
            "fieldValidateRules": [
                "required"
            ]
        },
        {
            "fieldName": "status",
            "fieldType": "OrderStatus",
            "fieldValues": "COMPLETED,PENDING,CANCELLED",
            "fieldValidateRules": [
                "required"
            ]
        },
        {
            "fieldName": "code",
            "fieldType": "String",
            "fieldValidateRules": [
                "required"
            ]
        }
    ],
    "relationships": [
        {
            "relationshipType": "one-to-many",
            "otherEntityName": "orderItem",
            "otherEntityRelationshipName": "order",
            "relationshipName": "orderItem"
        },
        {
            "relationshipType": "many-to-one",
            "otherEntityName": "customer",
            "otherEntityRelationshipName": "order",
            "relationshipValidateRules": "required",
            "relationshipName": "customer",
            "otherEntityField": "email"
        }
    ],
    "changelogDate": "20191208123903",
    "entityTableName": "product_order",
    "dto": "no",
    "pagination": "pagination",
    "service": "serviceClass",
    "jpaMetamodelFiltering": false,
    "fluentMethods": true,
    "readOnly": false,
    "clientRootFolder": "",
    "applications": [
        "store"
    ]
}