{
  "generator-jhipster": {
    "databaseType": "mongodb",
    "devDatabaseType": "mongodb",
    "enableHibernateCache": false,
    "enableSwaggerCodegen": false,
    "enableTranslation": true,
    "jhiPrefix": "jhi",
    "languages": [
      "en",
      "zh-cn",
      "ta"
    ],
    "messageBroker": false,
    "nativeLanguage": "en",
    "packageName": "com.mycompany.store",
    "packageFolder": "com/mycompany/store",
    "prodDatabaseType": "mongodb",
    "searchEngine": false,
    "serviceDiscoveryType": "eureka",
    "skipClient": true,
    "testFrameworks": [],
    "websocket": false,
    "baseName": "notification",
    "applicationType": "microservice",
    "authenticationType": "jwt",
    "cacheProvider": "no",
    "buildTool": "gradle",
    "serverPort": "8082",
    "jhipsterVersion": "6.5.1",
    "skipUserManagement": true,
    "clientPackageManager": "npm",
    "jwtSecretKey": "YWE3OTRmMDM1ZjU4OTNlM2ZmZWE0N2ZmOWU2ZjM4YmFiNGExY2QwODY0MDJlOTg3ODQzN2JhMjFmNjUzN2JmOTFiNmJlOTNiNWRiMTE2Mzk3Nzg5ZWQ4ZDg3NDZkNGY1ZWUwMmEwZWQ1Njg3Njk4NTkxM2UxNzRiZTliYzMwOGY=",
    "embeddableLaunchScript": false,
    "entitySuffix": "",
    "dtoSuffix": "DTO",
    "otherModules": [],
    "blueprints": []
  },
  "entities": [
    "Notification"
  ]
}