{
  "generator-jhipster": {
    "promptValues": {
      "packageName": "com.mycompany.store",
      "nativeLanguage": "en"
    },
    "jhipsterVersion": "6.5.1",
    "applicationType": "monolith",
    "baseName": "store",
    "packageName": "com.mycompany.store",
    "packageFolder": "com/mycompany/store",
    "serverPort": "8080",
    "authenticationType": "jwt",
    "cacheProvider": "hazelcast",
    "enableHibernateCache": true,
    "websocket": "spring-websocket",
    "databaseType": "sql",
    "devDatabaseType": "h2Disk",
    "prodDatabaseType": "mysql",
    "searchEngine": false,
    "messageBroker": false,
    "serviceDiscoveryType": false,
    "buildTool": "gradle",
    "enableSwaggerCodegen": false,
    "jwtSecretKey": "ZDgyOWIxNmU1MGY3MDc4NTFjNzM0ZjM0OGI2YWY1MjJkZTM3Mjk1MDM4MmEyN2IyMzYxZDMyMWIyMzg0ZTYwZjBmYTQzOTg4MzE4ODk2M2EzOTg5YmVmYjAwMDZlZDU5NjRiNzBlY2ZjMGU0NjFlOWU0YWNjNjZjMDY2OTZlZTA=",
    "embeddableLaunchScript": false,
    "useSass": true,
    "clientPackageManager": "npm",
    "clientFramework": "angularX",
    "clientTheme": "none",
    "clientThemeVariant": "",
    "testFrameworks": ["protractor"],
    "jhiPrefix": "jhi",
    "entitySuffix": "",
    "dtoSuffix": "DTO",
    "otherModules": [],
    "enableTranslation": true,
    "nativeLanguage": "en",
    "languages": ["en", "zh-cn"],
    "blueprints": []
  }
}
