{
  "generator-jhipster": {
    "databaseType": "sql",
    "devDatabaseType": "h2Disk",
    "enableHibernateCache": true,
    "enableSwaggerCodegen": false,
    "enableTranslation": true,
    "jhiPrefix": "jhi",
    "languages": ["en", "zh-cn", "ta"],
    "messageBroker": false,
    "nativeLanguage": "en",
    "packageName": "com.mycompany.store",
    "packageFolder": "com/mycompany/store",
    "prodDatabaseType": "mysql",
    "searchEngine": false,
    "serviceDiscoveryType": "eureka",
    "skipClient": false,
    "skipServer": false,
    "testFrameworks": ["protractor"],
    "websocket": "spring-websocket",
    "baseName": "store",
    "applicationType": "gateway",
    "authenticationType": "jwt",
    "cacheProvider": "hazelcast",
    "buildTool": "gradle",
    "clientFramework": "angularX",
    "useSass": true,
    "jhipsterVersion": "6.5.1",
    "skipUserManagement": false,
    "clientPackageManager": "npm",
    "serverPort": "8080",
    "clientTheme": "none",
    "clientThemeVariant": "",
    "jwtSecretKey": "MzUzNzlkNTI0OGFlOGRjODUyMDEwZWQ5ZWIxNjM0NGU5YmM5MWQ5MzA3OTU1MTcyODVhODZiYjc4ZDViYjliMzA1MWYxYzdmMjQ5ZDk0NWY5OTUyMTc3M2NmZjg3MTYwOTA2YzhjMmQ3ODI0ODNmNjM0OTQ4MzYyMTE4NjZiNzY=",
    "embeddableLaunchScript": false,
    "entitySuffix": "",
    "dtoSuffix": "DTO",
    "otherModules": [],
    "blueprints": []
  },
  "entities": ["Product", "ProductCategory", "Customer", "ProductOrder", "OrderItem", "Invoice", "Shipment", "Notification"]
}
