{
    "fluentMethods": true,
    "clientRootFolder": "",
    "relationships": [
        {
            "relationshipName": "user",
            "otherEntityName": "user",
            "relationshipType": "one-to-one",
            "otherEntityField": "login",
            "ownerSide": true,
            "useJPADerivedIdentifier": false,
            "otherEntityRelationshipName": "employee"
        }
    ],
    "fields": [
        {
            "fieldName": "name",
            "fieldType": "String",
            "fieldValidateRules": [
                "required"
            ]
        },
        {
            "fieldName": "age",
            "fieldType": "Integer"
        },
        {
            "fieldName": "dob",
            "fieldType": "Instant"
        }
    ],
    "changelogDate": "20191211171716",
    "dto": "no",
    "searchEngine": false,
    "service": "no",
    "entityTableName": "employee",
    "databaseType": "sql",
    "readOnly": false,
    "jpaMetamodelFiltering": false,
    "pagination": "no"
}
