{
    "name": "OrderItem",
    "fields": [
        {
            "fieldName": "quantity",
            "fieldType": "Integer",
            "fieldValidateRules": [
                "required",
                "min"
            ],
            "fieldValidateRulesMin": 0
        },
        {
            "fieldName": "totalPrice",
            "fieldType": "BigDecimal",
            "fieldValidateRules": [
                "required",
                "min"
            ],
            "fieldValidateRulesMin": 0
        },
        {
            "fieldName": "status",
            "fieldType": "OrderItemStatus",
            "fieldValues": "AVAILABLE,OUT_OF_STOCK,BACK_ORDER",
            "fieldValidateRules": [
                "required"
            ]
        }
    ],
    "relationships": [
        {
            "relationshipType": "many-to-one",
            "otherEntityName": "product",
            "otherEntityRelationshipName": "orderItem",
            "relationshipValidateRules": "required",
            "relationshipName": "product",
            "otherEntityField": "name"
        },
        {
            "relationshipType": "many-to-one",
            "otherEntityName": "productOrder",
            "otherEntityRelationshipName": "orderItem",
            "relationshipValidateRules": "required",
            "relationshipName": "order",
            "otherEntityField": "code"
        }
    ],
    "changelogDate": "20191208123904",
    "entityTableName": "order_item",
    "dto": "no",
    "pagination": "pagination",
    "service": "serviceClass",
    "jpaMetamodelFiltering": false,
    "fluentMethods": true,
    "readOnly": false,
    "clientRootFolder": "",
    "applications": [
        "store"
    ]
}