{
  "generator-jhipster": {
    "promptValues": {
      "packageName": "com.mycompany.store",
      "nativeLanguage": "en"
    },
    "jhipsterVersion": "6.5.1",
    "applicationType": "monolith",
    "baseName": "jhreact",
    "packageName": "com.mycompany.store",
    "packageFolder": "com/mycompany/store",
    "serverPort": "8080",
    "authenticationType": "jwt",
    "cacheProvider": "ehcache",
    "enableHibernateCache": true,
    "websocket": false,
    "databaseType": "sql",
    "devDatabaseType": "h2Disk",
    "prodDatabaseType": "mysql",
    "searchEngine": false,
    "messageBroker": false,
    "serviceDiscoveryType": false,
    "buildTool": "maven",
    "enableSwaggerCodegen": false,
    "jwtSecretKey": "NDFiZTg2YjNmN2FiZThjMzljMmJmYmY3MTJmMjYyY2U0NmI0ZDA3ZWRmNzJiOGUxZTZjMDc5YzZlOWVmOTIyMzE2ZjNkYjI3OGM4ZWMzZTYxZGQxOTYyY2M4MzliMDhhODU1Y2NjYjI0NmNlMWVjYTRlMDQ4Y2Y5YTgxNTdlMjg=",
    "embeddableLaunchScript": false,
    "useSass": true,
    "clientPackageManager": "npm",
    "clientFramework": "react",
    "clientTheme": "none",
    "clientThemeVariant": "",
    "testFrameworks": [],
    "jhiPrefix": "jhi",
    "entitySuffix": "",
    "dtoSuffix": "DTO",
    "otherModules": [],
    "enableTranslation": true,
    "nativeLanguage": "en",
    "languages": ["en"],
    "blueprints": []
  }
}
