{
  "generator-jhipster": {
    "databaseType": "sql",
    "devDatabaseType": "h2Disk",
    "enableHibernateCache": true,
    "enableSwaggerCodegen": false,
    "enableTranslation": true,
    "jhiPrefix": "jhi",
    "languages": [
      "en",
      "zh-cn",
      "ta"
    ],
    "messageBroker": false,
    "nativeLanguage": "en",
    "packageName": "com.mycompany.store",
    "packageFolder": "com/mycompany/store",
    "prodDatabaseType": "mysql",
    "searchEngine": false,
    "serviceDiscoveryType": "eureka",
    "skipClient": true,
    "testFrameworks": [],
    "websocket": false,
    "baseName": "invoice",
    "applicationType": "microservice",
    "authenticationType": "jwt",
    "buildTool": "gradle",
    "serverPort": "8081",
    "jhipsterVersion": "6.5.1",
    "skipUserManagement": true,
    "clientPackageManager": "npm",
    "cacheProvider": "hazelcast",
    "jwtSecretKey": "NDQyOTI2NmFlMzc3N2M2YTgwZWQxMmM5M2YyMWIxZGNjZjViM2ZjMGE2MTVjZDRjNjVlNTFjNTI1NzdiYTBhZmM2OWM3Mjc4NDkzNDM3ODhjMzNhZjc5N2FkMDE0N2M5NzEwODM0YjFhNzc1YmVjN2EyNzY4YjYzMGNhZTZhNWI=",
    "embeddableLaunchScript": false,
    "entitySuffix": "",
    "dtoSuffix": "DTO",
    "otherModules": [],
    "blueprints": []
  },
  "entities": [
    "Invoice",
    "Shipment"
  ]
}