{
    "name": "Product",
    "fields": [
        {
            "fieldName": "name",
            "fieldType": "String",
            "fieldValidateRules": [
                "required"
            ]
        },
        {
            "fieldName": "description",
            "fieldType": "String"
        },
        {
            "fieldName": "price",
            "fieldType": "BigDecimal",
            "fieldValidateRules": [
                "required",
                "min"
            ],
            "fieldValidateRulesMin": 0
        },
        {
            "fieldName": "size",
            "fieldType": "Size",
            "fieldValues": "S,M,L,XL,XXL",
            "fieldValidateRules": [
                "required"
            ]
        },
        {
            "fieldName": "image",
            "fieldType": "byte[]",
            "fieldTypeBlobContent": "image"
        }
    ],
    "relationships": [
        {
            "relationshipType": "many-to-one",
            "otherEntityName": "productCategory",
            "otherEntityRelationshipName": "product",
            "relationshipName": "productCategory",
            "otherEntityField": "name"
        }
    ],
    "changelogDate": "20191208123900",
    "javadoc": "Product sold by the Online store",
    "entityTableName": "product",
    "dto": "no",
    "pagination": "pagination",
    "service": "serviceClass",
    "jpaMetamodelFiltering": false,
    "fluentMethods": true,
    "readOnly": false,
    "clientRootFolder": "",
    "applications": [
        "store"
    ]
}