{
    "name": "Shipment",
    "fields": [
        {
            "fieldName": "trackingCode",
            "fieldType": "String"
        },
        {
            "fieldName": "date",
            "fieldType": "Instant",
            "fieldValidateRules": [
                "required"
            ]
        },
        {
            "fieldName": "details",
            "fieldType": "String"
        }
    ],
    "relationships": [
        {
            "relationshipType": "many-to-one",
            "otherEntityName": "invoice",
            "otherEntityRelationshipName": "shipment",
            "relationshipValidateRules": "required",
            "relationshipName": "invoice",
            "otherEntityField": "code"
        }
    ],
    "changelogDate": "20191208123906",
    "entityTableName": "shipment",
    "dto": "no",
    "pagination": "pagination",
    "service": "serviceClass",
    "jpaMetamodelFiltering": false,
    "fluentMethods": true,
    "readOnly": false,
    "clientRootFolder": "",
    "applications": [
        "store",
        "invoice"
    ],
    "microserviceName": "invoice"
}