{
  "generator-jhipster": {
    "databaseType": "sql",
    "devDatabaseType": "h2Disk",
    "enableHibernateCache": true,
    "enableSwaggerCodegen": false,
    "enableTranslation": true,
    "jhiPrefix": "jhi",
    "languages": [
      "en",
      "zh-cn",
      "ta"
    ],
    "messageBroker": false,
    "nativeLanguage": "en",
    "packageName": "com.mycompany.store",
    "packageFolder": "com/mycompany/store",
    "prodDatabaseType": "mysql",
    "searchEngine": false,
    "serviceDiscoveryType": false,
    "skipClient": true,
    "testFrameworks": [],
    "websocket": false,
    "baseName": "invoice",
    "applicationType": "microservice",
    "authenticationType": "jwt",
    "buildTool": "gradle",
    "serverPort": "8081",
    "jhipsterVersion": "6.5.1",
    "skipUserManagement": true,
    "clientPackageManager": "npm",
    "cacheProvider": "hazelcast",
    "jwtSecretKey": "ZTIzNTZhODcwMjQ3YjAxZGFlMzVmZDA2MTNhZDIwYTU5NWI0ZmY0Y2FlMjQ3NThkZWMxMjg0ZTM2YzA1MTg3NjM2NGM2Njk3NDU4ZDU1ZGZjYzg5MTljZDAxZTMzM2YwMDFkM2RiNDM2ZmE1ZGE2Njg1ZWM4MjE0N2JmYTQzZTQ=",
    "embeddableLaunchScript": false,
    "entitySuffix": "",
    "dtoSuffix": "DTO",
    "otherModules": [],
    "blueprints": []
  },
  "entities": [
    "Invoice",
    "Shipment"
  ]
}